151,Airline151
152,Airline152
153,Airline153
154,Airline154
155,Airline155
156,Airline156
157,Airline157
158,Airline158
159,Airline159
160,Airline160
161,Airline161
162,Airline162
163,Airline163
164,Airline164
165,Airline165
166,Airline166
167,Airline167
168,Airline168
169,Airline169
170,Airline170
171,Airline171
172,Airline172
173,Airline173
174,Airline174
175,Airline175
176,Airline176
177,Airline177
178,Airline178
179,Airline179
180,Airline180
181,Airline181
182,Airline182
183,Airline183
184,Airline184
185,Airline185
186,Airline186
187,Airline187
188,Airline188
189,Airline189
190,Airline190
191,Airline191
192,Airline192
193,Airline193
194,Airline194
195,Airline195
196,Airline196
197,Airline197
198,Airline198
199,Airline199
200,Airline200
