4,4,4,260,First Class
5,5,5,210,Business Class
6,6,6,160,Economy Class
7,7,7,270,First Class
8,8,8,220,Business Class
9,9,9,170,Economy Class
10,10,10,280,First Class
11,11,11,230,Business Class
12,12,12,180,Economy Class
13,13,13,290,First Class
14,14,14,240,Business Class
15,15,15,190,Economy Class
16,16,16,300,First Class
17,17,17,250,Business Class
18,18,18,200,Economy Class
19,19,19,310,First Class
20,20,20,260,Business Class
21,21,21,210,Economy Class
22,22,22,320,First Class
23,23,23,270,Business Class
24,24,24,220,Economy Class
25,25,25,330,First Class
26,26,26,280,Business Class
27,27,27,230,Economy Class
28,28,28,340,First Class
29,29,29,290,Business Class
30,30,30,240,Economy Class
31,31,31,350,First Class
32,32,32,300,Business Class
33,33,33,250,Economy Class
34,34,34,360,First Class
35,35,35,310,Business Class
36,36,36,260,Economy Class
37,37,37,370,First Class
38,38,38,320,Business Class
39,39,39,270,Economy Class
40,40,40,380,First Class
41,41,41,330,Business Class
42,42,42,280,Economy Class
43,43,43,390,First Class
44,44,44,340,Business Class
45,45,45,290,Economy Class
46,46,46,400,First Class
47,47,47,350,Business Class
48,48,48,300,Economy Class
49,49,49,410,First Class
50,50,50,360,Business Class
51,51,51,370,First Class
52,52,52,320,Business Class
53,53,53,270,Economy Class
54,54,54,380,First Class
55,55,55,330,Business Class
56,56,56,280,Economy Class
57,57,57,390,First Class
58,58,58,340,Business Class
59,59,59,290,Economy Class
60,60,60,400,First Class
61,61,61,350,Business Class
62,62,62,300,Economy Class
63,63,63,410,First Class
64,64,64,360,Business Class
65,65,65,310,Economy Class
66,66,66,420,First Class
67,67,67,370,Business Class
68,68,68,320,Economy Class
69,69,69,430,First Class
70,70,70,380,Business Class
71,71,71,330,Economy Class
72,72,72,440,First Class
73,73,73,390,Business Class
74,74,74,340,Economy Class
75,75,75,450,First Class
76,76,76,400,Business Class
77,77,77,350,Economy Class
78,78,78,460,First Class
79,79,79,410,Business Class
80,80,80,360,Economy Class
81,81,81,470,First Class
82,82,82,420,Business Class
83,83,83,370,Economy Class
84,84,84,480,First Class
85,85,85,430,Business Class
86,86,86,380,Economy Class
87,87,87,490,First Class
88,88,88,440,Business Class
89,89,89,390,Economy Class
90,90,90,500,First Class
91,91,91,450,Business Class
92,92,92,400,Economy Class
93,93,93,510,First Class
94,94,94,460,Business Class
95,95,95,410,Economy Class
96,96,96,520,First Class
97,97,97,470,Business Class
98,98,98,420,Economy Class
99,99,99,530,First Class
100,100,100,480,Business Class
101,101,101,540,First Class
102,102,102,490,Business Class
103,103,103,440,Economy Class
104,104,104,550,First Class
105,105,105,500,Business Class
106,106,106,450,Economy Class
107,107,107,560,First Class
108,108,108,510,Business Class
109,109,109,460,Economy Class
110,110,110,570,First Class
111,111,111,520,Business Class
112,112,112,470,Economy Class
113,113,113,580,First Class
114,114,114,530,Business Class
115,115,115,480,Economy Class
116,116,116,590,First Class
117,117,117,540,Business Class
118,118,118,490,Economy Class
119,119,119,600,First Class
120,120,120,550,Business Class
121,121,121,500,Economy Class
122,122,122,610,First Class
123,123,123,560,Business Class
124,124,124,510,Economy Class
125,125,125,620,First Class
126,126,126,570,Business Class
127,127,127,520,Economy Class
128,128,128,630,First Class
129,129,129,580,Business Class
130,130,130,530,Economy Class
131,131,131,640,First Class
132,132,132,590,Business Class
133,133,133,540,Economy Class
134,134,134,650,First Class
135,135,135,600,Business Class
136,136,136,550,Economy Class
137,137,137,660,First Class
138,138,138,610,Business Class
139,139,139,560,Economy Class
140,140,140,670,First Class
141,141,141,620,Business Class
142,142,142,570,Economy Class
143,143,143,680,First Class
144,144,144,630,Business Class
145,145,145,580,Economy Class
146,146,146,690,First Class
147,147,147,640,Business Class
148,148,148,590,Economy Class
149,149,149,700,First Class
150,150,150,650,Business Class
151,151,151,750,First Class
152,152,152,700,Business Class
153,153,153,650,Economy Class
154,154,154,760,First Class
155,155,155,710,Business Class
156,156,156,660,Economy Class
157,157,157,770,First Class
158,158,158,720,Business Class
159,159,159,670,Economy Class
160,160,160,780,First Class
161,161,161,730,Business Class
162,162,162,680,Economy Class
163,163,163,790,First Class
164,164,164,740,Business Class
165,165,165,690,Economy Class
166,166,166,800,First Class
167,167,167,750,Business Class
168,168,168,700,Economy Class
169,169,169,810,First Class
170,170,170,760,Business Class
171,171,171,710,Economy Class
172,172,172,820,First Class
173,173,173,770,Business Class
174,174,174,720,Economy Class
175,175,175,830,First Class
176,176,176,780,Business Class
177,177,177,730,Economy Class
178,178,178,840,First Class
179,179,179,790,Business Class
180,180,180,740,Economy Class
181,181,181,850,First Class
182,182,182,800,Business Class
183,183,183,750,Economy Class
184,184,184,860,First Class
185,185,185,810,Business Class
186,186,186,760,Economy Class
187,187,187,870,First Class
188,188,188,820,Business Class
189,189,189,770,Economy Class
190,190,190,880,First Class
191,191,191,830,Business Class
192,192,192,780,Economy Class
193,193,193,890,First Class
194,194,194,840,Business Class
195,195,195,790,Economy Class
196,196,196,900,First Class
197,197,197,850,Business Class
198,198,198,800,Economy Class
199,199,199,910,First Class
200,200,200,860,Business Class
1,1,1,,
2,2,2,,
3,3,3,,
