1,John Doe
2,Jane Smith
3,Jay Patel
4,Scooby Doo
5,Tommy Shelby
6,Michael Jackson
7,Arthur Shelby
8,William Wilson
9,Sophia Miller
10,Daniel Moore
11,Chloe Taylor
12,Matthew Anderson
13,Ella Thomas
14,Jackson White
15,Grace Martin
16,David Martinez
17,Lily Garcia
18,James Robinson
19,Ava Hernandez
20,Logan Young
21,Mia King
22,Jacob Lee
23,Sofia Perez
24,Benjamin Lewis
25,Avery Hill
26,Lucas Scott
27,Harper Green
28,Ethan Adams
29,Evelyn Baker
30,Alexander Cook
31,Victoria Murphy
32,Henry Reed
33,Madison Rivera
34,Sebastian Cooper
35,Layla Rogers
36,Gabriel Morgan
37,Penelope Peterson
38,Owen Bennett
39,Scarlett Simmons
40,Wyatt Foster
41,Zoey Collins
42,Nathan Griffin
43,Hannah Stewart
44,Christopher Turner
45,Addison Phillips
46,Isaac Murphy
47,Natalie Hayes
48,Andrew Ward
49,Brooklyn Cox
50,Levi Russell
51,Sophie Turner
52,Liam Wilson
53,Aria Mitchell
54,Connor Cooper
55,Zara Richardson
56,Kai Patel
57,Maya Clark
58,Elijah Hall
59,Luna Adams
60,Riley Stewart
61,Maxwell Wright
62,Nova Rogers
63,Asher Nelson
64,Ivy Evans
65,Finn Carter
66,Aurora Murphy
67,Gavin Thompson
68,Willow Price
69,Mason Howard
70,Eva Sanchez
71,Hudson Rivera
72,Piper Barnes
73,Oscar Flores
74,Stella James
75,Theo Gonzales
76,Harlow Coleman
77,Jackie Wood
78,Kian Ross
79,Summer Morgan
80,Caleb Hughes
81,Skylar Bryant
82,Ezekiel Kim
83,Lola Foster
84,Jaxon Russell
85,Delilah Diaz
86,Tyler Long
87,Savannah Powell
88,Roman Brooks
89,Hazel Ward
90,Beckett Griffin
91,Mila Price
92,Axel Foster
93,Nora Bell
94,Gemma Ramirez
95,Ezra Henderson
96,Violet Coleman
97,Dominic Reed
98,Molly Peterson
99,Jesse Sanders
100,Rose Campbell
101,Sophie Brown
102,Liam Davis
103,Aria Miller
104,Oliver Wilson
105,Zoe Smith
106,Ethan Johnson
107,Ava Jones
108,Lucas Williams
109,Mia Taylor
110,Elijah Anderson
111,Scarlett Martinez
112,Noah Garcia
113,Grace Robinson
114,Logan Hernandez
115,Layla Young
116,Mason Moore
117,Chloe Lee
118,Henry Perez
119,Amelia Lewis
120,Jacob Hill
121,Luna Scott
122,Carter Green
123,Harper Adams
124,Sebastian Baker
125,Stella Cook
126,Ezra Murphy
127,Nova Bennett
128,Owen Simmons
129,Hannah Foster
130,William Griffin
131,Sofia Stewart
132,Jackson Turner
133,Avery Phillips
134,Wyatt Hayes
135,Victoria Ward
136,Gabriel Cox
137,Penelope Russell
138,Isaac Hayes
139,Natalie Reed
140,Andrew Cox
141,Brooklyn Peterson
142,Levi Griffin
143,Sophia Stewart
144,Evelyn Turner
145,Alexander Hayes
146,Scarlett Campbell
147,Daniel Hill
148,Aria Brooks
149,Olivia Ward
150,Ethan Foster
151,Liam Mitchell
152,Ava Cooper
153,Elijah Gray
154,Mia Turner
155,Oliver Bell
156,Zoe Coleman
157,Lucas Foster
158,Scarlett Murphy
159,Noah Peterson
160,Grace Ramirez
161,Logan Richardson
162,Chloe Ward
163,Henry Diaz
164,Amelia Henderson
165,Jacob Price
166,Luna Reed
167,Carter Thompson
168,Harper Stewart
169,Sebastian Russell
170,Stella Phillips
171,Ezra Hayes
172,Nova Ward
173,Owen Griffin
174,Hannah Hayes
175,William Reed
176,Sofia Cox
177,Jackson Peterson
178,Avery Griffin
179,Wyatt Hayes
180,Victoria Reed
181,Gabriel Campbell
182,Penelope Hill
183,Isaac Turner
184,Natalie Brooks
185,Andrew Ward
186,Brooklyn Peterson
187,Levi Griffin
188,Sophia Turner
189,Evelyn Ward
190,Alexander Foster
191,Scarlett Campbell
192,Daniel Hill
193,Aria Brooks
194,Olivia Ward
195,Ethan Foster
196,Sophie Wilson
197,Liam Davis
198,Aria Miller
199,Oliver Wilson
200,Zoe Smith
