1,Owner1
2,Owner2
3,Owner3
4,Owner4
5,Owner5
6,Owner6
7,Owner7
8,Owner8
9,Owner9
10,Owner10
11,Owner11
12,Owner12
13,Owner13
14,Owner14
15,Owner15
16,Owner16
17,Owner17
18,Owner18
19,Owner19
20,Owner20
21,Owner21
22,Owner22
23,Owner23
24,Owner24
25,Owner25
26,Owner26
27,Owner27
28,Owner28
29,Owner29
30,Owner30
31,Owner31
32,Owner32
33,Owner33
34,Owner34
35,Owner35
36,Owner36
37,Owner37
38,Owner38
39,Owner39
40,Owner40
41,Owner41
42,Owner42
43,Owner43
44,Owner44
45,Owner45
46,Owner46
47,Owner47
48,Owner48
49,Owner49
50,Owner50
51,Owner51
52,Owner52
53,Owner53
54,Owner54
55,Owner55
56,Owner56
57,Owner57
58,Owner58
59,Owner59
60,Owner60
61,Owner61
62,Owner62
63,Owner63
64,Owner64
65,Owner65
66,Owner66
67,Owner67
68,Owner68
69,Owner69
70,Owner70
71,Owner71
72,Owner72
73,Owner73
74,Owner74
75,Owner75
76,Owner76
77,Owner77
78,Owner78
79,Owner79
80,Owner80
81,Owner81
82,Owner82
83,Owner83
84,Owner84
85,Owner85
86,Owner86
87,Owner87
88,Owner88
89,Owner89
90,Owner90
91,Owner91
92,Owner92
93,Owner93
94,Owner94
95,Owner95
96,Owner96
97,Owner97
98,Owner98
99,Owner99
100,Owner100
101,Owner101
102,Owner102
103,Owner103
104,Owner104
105,Owner105
106,Owner106
107,Owner107
108,Owner108
109,Owner109
110,Owner110
111,Owner111
112,Owner112
113,Owner113
114,Owner114
115,Owner115
116,Owner116
117,Owner117
118,Owner118
119,Owner119
120,Owner120
121,Owner121
122,Owner122
123,Owner123
124,Owner124
125,Owner125
126,Owner126
127,Owner127
128,Owner128
129,Owner129
130,Owner130
131,Owner131
132,Owner132
133,Owner133
134,Owner134
135,Owner135
136,Owner136
137,Owner137
138,Owner138
139,Owner139
140,Owner140
141,Owner141
142,Owner142
143,Owner143
144,Owner144
145,Owner145
146,Owner146
147,Owner147
148,Owner148
149,Owner149
150,Owner150
